,uuid,x,y,content,size,color
0,de111caa-3a25-ccda-d991-3ed722acba6a,672.3496492004397,-11.003722305297742,CIRCLE,22,#000000
1,438f522e-2636-4fe9-840a-4453ecd1534e,659.1507852172854,-587.9837223052982,STALLS,22,#000000
2,da8465fb-6c6a-8ed4-edd6-45e721443ebe,68.67493368148826,-82.28514280319223,X,14,#000000
3,a852ac9d-07a8-6e33-f2b3-5dd047cd72d0,68.61385370254538,-102.28514280319224,W,14,#000000
4,0b25da8b-1bc1-d96d-5b44-93c156a73f91,68.44908119201682,-204.28514280319223,Q,14,#000000
5,f71ced80-7c32-a2af-6224-d497de286ac4,68.06845619201658,-124.28514280319224,U,14,#000000
6,55be6c84-560f-0182-86c7-cb7d071d6a20,68.28430868148826,-144.28514280319223,T,14,#000000
7,d2e8c101-9e75-573a-5314-08d95581a46b,68.67493368148826,-164.28514280319223,S,14,#000000
8,e9903d33-94b2-553b-605c-ed5409ba6403,68.06845619201658,-184.28514280319223,R,14,#000000
9,b2e77fc6-de02-3ab6-fa12-e9af825faa52,259.67493368148826,-83.28514280319223,X,14,#000000
10,2df427db-53e8-f95d-495a-26fc69769308,259.6138537025454,-103.28514280319224,W,14,#000000
11,8115290d-fad2-9f36-dd73-e762170ca148,259.0584561920168,-125.28514280319224,U,14,#000000
12,4ae08b98-6ae6-ca57-97b2-7a2b58cbc31f,259.27430868148804,-145.28514280319223,T,14,#000000
13,8a5eed39-d276-f760-fcea-edb0985e7c83,259.67493368148826,-165.28514280319223,S,14,#000000
14,e5719271-aeb7-ea6b-2157-909def03ee39,259.0584561920168,-185.28514280319223,R,14,#000000
15,20e5008f-517f-410d-27d9-0c0d6cb387cb,259.4490811920168,-205.28514280319223,Q,14,#000000
16,91849e26-1bf5-ca32-40db-d4e245af9ad2,259.67493368148826,-63.28514280319223,Y,14,#000000
17,7898fac5-fd34-6bf6-14fe-8d1ca1a5ca99,564.6749336814883,-64.28514280319223,Y,14,#000000
18,224108a8-4975-f9d0-cfaa-1d9bb4d9fbf1,801.6749336814883,-65.28514280319223,Y,14,#000000
19,83f5f503-78ad-919a-5552-3887a11b73c4,564.6749336814883,-84.28514280319223,X,14,#000000
20,0addcd84-e13e-dc3a-ecc4-b087d5bb9019,801.6749336814883,-85.28514280319223,X,14,#000000
21,b39fa73b-9391-b958-ad34-1227d67c2897,564.6749336814883,-166.28514280319223,S,14,#000000
22,8f3e6f46-4d7f-f6bb-fc6f-1f464c3fc591,801.6749336814883,-167.28514280319223,S,14,#000000
23,8844b5ba-75e0-ed32-59ec-0391b3e0ed87,564.6138537025454,-104.28514280319224,W,14,#000000
24,d852d2b5-3f23-d2a7-98e2-e574d02dbe39,801.6138537025454,-105.28514280319224,W,14,#000000
25,e19f323c-1d8b-d3b9-d852-42ecfabc5baf,564.0584561920168,-126.28514280319224,U,14,#000000
26,9922bf12-628c-1a2a-fb42-cec84f8c5e44,801.0584561920168,-127.28514280319224,U,14,#000000
27,31334aa1-9051-c5dd-7480-be792fb77ddc,564.274308681488,-146.28514280319223,T,14,#000000
28,84754b47-81d0-a9fe-b481-dce755723631,801.274308681488,-147.28514280319223,T,14,#000000
29,4894b772-f32a-69cb-0ec6-24be3c0e57cd,564.6749336814883,-226.28514280319223,P,14,#000000
30,8e8725bf-5d3e-53f0-ec84-80670d67d44a,801.6749336814883,-227.28514280319223,P,14,#000000
31,6a0510e1-28bf-c97d-811f-70e8b86afee8,564.0584561920168,-186.28514280319223,R,14,#000000
32,4ba2095c-4164-e9f0-68e0-17ffdf17ed69,801.0584561920168,-187.28514280319223,R,14,#000000
33,720c60aa-9789-4168-a514-019edde203af,564.4490811920168,-206.28514280319223,Q,14,#000000
34,1ff799f1-b397-0041-ab7c-c1dce5ce0759,801.4490811920168,-207.28514280319223,Q,14,#000000
35,74a64981-f64f-d6b1-6358-8430ad8ad70b,259.67493368148826,-225.28514280319223,P,14,#000000
36,b656c4e7-e208-3115-764d-4a766397f18c,68.67493368148826,-224.28514280319223,P,14,#000000
37,fb733000-a7de-2c78-e712-125c0f56a546,1105.6749336814885,-64.28514280319223,Y,14,#000000
38,32e0a1f6-37d4-6268-9aa4-ebcdb2e38983,1105.6749336814885,-84.28514280319223,X,14,#000000
39,ddd17e5e-6593-d315-c745-641a615d3cae,1105.6138537025454,-104.28514280319224,W,14,#000000
40,77296921-9294-fdb5-8334-d824d7c0f6ba,1105.068456192017,-186.28514280319223,R,14,#000000
41,5ac93b86-58c6-a858-79e4-cdcddb740a6a,1105.068456192017,-126.28514280319224,U,14,#000000
42,4fb3cd71-5abb-7fae-affa-a498f4f13eb3,1105.2843086814885,-146.28514280319223,T,14,#000000
43,edbe7ce5-5fd0-6ef2-28dd-91fdc3dce45c,1105.6749336814885,-166.28514280319223,S,14,#000000
44,26243a88-7b6b-24e4-e1fa-3a95c5db8b25,1105.4490811920168,-206.28514280319223,Q,14,#000000
45,9d87ffbd-b9e4-2fd5-f72c-de775043ae47,1105.6749336814885,-226.28514280319223,P,14,#000000
46,b63ab71e-03c1-5a23-a239-eb30f98bd177,1281.6749336814885,-84.28514280319223,X,14,#000000
47,e4d67539-9f82-44ff-0a95-9e4d93e2c48c,1281.6138537025454,-104.28514280319224,W,14,#000000
48,5da9df9e-c27e-2fc7-becb-f9ffb48754e0,1281.068456192017,-126.28514280319224,U,14,#000000
49,d580dfd0-b0de-2d5a-b53e-662b6fa056b3,1281.2843086814885,-146.28514280319223,T,14,#000000
50,4f1292a9-508b-fe60-9f69-94ad7a5ee699,1281.6749336814885,-166.28514280319223,S,14,#000000
51,742d2bcb-d2b7-9ca4-35ae-fbc00f6a1c44,1281.068456192017,-186.28514280319223,R,14,#000000
52,64eb79ae-9ad1-6bee-600e-4a5f52a5cc3f,1281.4490811920168,-206.28514280319223,Q,14,#000000
53,ba73ba4f-2b64-0749-2d26-c0bf7a5f1842,1281.6749336814885,-226.28514280319223,P,14,#000000
54,0c383235-ec78-4e54-4596-3e15a08a0618,75.44908119201682,-268.28514280319223,O,14,#000000
55,a72c7b28-56d5-412c-8a92-0afd14c3b7ae,75.06845619201658,-288.28514280319223,N,14,#000000
56,eb809fc4-e389-083f-019a-23535dffe042,75.83970619201682,-308.28514280319223,M,14,#000000
57,96d543ac-2e93-a4ca-ab68-058d00b5caf7,73.90078569412253,-328.28514280319223,L,14,#000000
58,1c7b7d78-8ca7-6560-44a4-706520555102,520.0584561920168,-282.28514280319223,N,14,#000000
59,b6724d8c-0d06-6795-d562-2bd662e66738,519.8297061920166,-302.28514280319223,M,14,#000000
60,5da2ebfc-21e1-c3fa-e554-f61dc7737b0b,519.9007856941225,-322.28514280319223,L,14,#000000
61,df1216ce-8d73-f7e2-90de-96616b8117ac,169.67493368148826,-343.28514280319223,K,14,#000000
62,d3a51785-10e8-ebf7-66e2-ff048dd00048,519.6749336814883,-342.28514280319223,K,14,#000000
63,4b67669a-ddd6-2123-3e8a-ce71ef5cc040,170.50305844306968,-363.2851428031922,J,14,#000000
64,4bbc2ea4-6efe-d3be-aad2-99b4a05001bb,519.5030584430697,-362.2851428031922,J,14,#000000
65,545a7d88-2aa3-e950-aa02-293f7fccee8b,170.05845619201682,-387.2851428031918,H,14,#000000
66,4d6869b7-bddd-a45f-5ec7-b68eb202aafa,520.0584561920168,-382.2851428031918,H,14,#000000
67,bc589670-6f33-bf12-94f7-54850188f8ce,170.44908119201682,-407.2851428031918,G,14,#000000
68,194477f1-4570-f01e-bf9b-30f4d81a9b69,846.4490811920168,-261.28514280319223,O,14,#000000
69,388cbe3b-8eec-51c8-a9ee-032e8793f45e,846.4490811920168,-401.2851428031918,G,14,#000000
70,5d3fff05-fc99-6ca8-3b74-1b46ae1bfdcc,846.0584561920168,-281.28514280319223,N,14,#000000
71,a9d471ab-3acf-1e32-d98f-29552e8ad9fb,845.8297061920166,-301.28514280319223,M,14,#000000
72,8b2b72c9-a38e-6d20-3fc2-9d991c575f98,845.9007856941225,-321.28514280319223,L,14,#000000
73,61b7fd16-fbab-d06c-5298-024e1902c256,845.6749336814883,-341.28514280319223,K,14,#000000
74,9d1fde70-0a9a-fd7e-3ee2-dcdc06debed4,845.5030584430697,-361.2851428031922,J,14,#000000
75,616c053d-6f34-b43c-e674-ea1df5ec2ae5,846.0584561920168,-381.2851428031918,H,14,#000000
76,d9c08585-bfc6-9847-37c7-a125a42b4c18,1193.5030584430697,-363.2851428031922,J,14,#000000
77,74e81dfc-cbd0-c14b-05fc-466637ad8bab,1193.6749336814885,-343.28514280319223,K,14,#000000
78,bac825c5-9330-3034-29af-1a6921d15599,1194.068456192017,-383.2851428031918,H,14,#000000
79,4d7b9004-08b9-e9ea-7ef7-a5466d16cb69,1194.4490811920168,-403.2851428031918,G,14,#000000
80,eab88ff6-a4d6-6585-f220-b3679b55bb66,1283.4490811920168,-262.28514280319223,O,14,#000000
81,4c095be9-9944-ce93-36d3-4a9471d7d4fb,1282.8397061920168,-302.28514280319223,M,14,#000000
82,66653d99-b030-f1e0-c960-69d6a1d3d5f5,1283.068456192017,-282.28514280319223,N,14,#000000
83,7fd5546c-5908-4782-7e8b-6337b1b836e6,1282.9007856941223,-322.28514280319223,L,14,#000000
84,974caab9-cd27-0cb2-9041-2cd5b83632ff,109.05845619201682,-479.2851428031918,D,14,#000000
85,531411ba-dc69-643a-494f-e172d2e04d93,331.0584561920168,-478.2851428031918,D,14,#000000
86,efc23ba2-6599-6eda-2470-e246ebb42802,109.05845619201682,-498.2851428031918,C,14,#000000
87,83b18a83-ddad-dc6e-cb2d-922b73676181,331.0584561920168,-498.2851428031918,C,14,#000000
88,d222fa7c-4fed-9324-073a-47aa634f7be3,108.67493368148826,-518.2851428031918,B,14,#000000
89,f7b79459-6e0c-31d4-f98c-19e599271b20,330.67493368148826,-518.2851428031918,B,14,#000000
90,f267e8c8-2039-ef2b-12bf-4e5477d7ae79,109.16493368148804,-459.13514280319214,E,14,#000000
91,737182e9-ccfd-e1f0-2249-ffe312843790,330.67493368148826,-458.2851428031918,E,14,#000000
92,7811d506-c0ed-cd43-df74-ff6f9e2056f2,108.67493368148826,-538.2851428031918,A,14,#000000
93,d20cc14f-446f-1b6a-b8a8-da1ac64d5a52,330.67493368148826,-538.2851428031918,A,14,#000000
94,fed6a75c-abb1-2f83-ce93-9384e78d4b09,669.274308681488,-438.2851428031918,F,14,#000000
95,4f562fa4-a7af-3927-dbd1-e9bc21337b72,668.6749336814883,-538.2851428031918,A,14,#000000
96,fba80b6a-68d1-1442-b3ce-afa89df7b398,668.6749336814883,-458.2851428031918,E,14,#000000
97,0df2b8ae-dc18-6a95-f4d0-88acb5666de6,669.0584561920168,-478.2851428031918,D,14,#000000
98,70392764-58fa-7ded-b9af-bdde84e24511,669.0584561920168,-498.2851428031918,C,14,#000000
99,057b809b-009a-c236-97da-2018cfa3ba27,668.6749336814883,-518.2851428031918,B,14,#000000
100,4f290056-15ce-3fd3-0900-d75078aee2e6,1011.2843086814884,-435.2851428031918,F,14,#000000
101,e0813162-9098-5eb0-aae2-8142ac3f382c,1010.6749336814884,-535.2851428031918,A,14,#000000
102,2504bb72-36cb-7fd3-ebc6-6ecb6fe04550,1010.6749336814884,-455.2851428031918,E,14,#000000
103,aa231374-7d3d-0940-e2dc-a36ecef7ce1f,1011.068456192017,-475.2851428031918,D,14,#000000
104,1d3a1b8d-6ab2-1820-2ea4-8064d5ca033b,1011.068456192017,-495.2851428031918,C,14,#000000
105,149f94e5-bb2e-f3e0-e6e0-d84b1c10c218,1010.6749336814884,-515.2851428031918,B,14,#000000
106,a993fa86-ac0e-a1a0-6ec5-60f9d18ef141,1234.068456192017,-475.2851428031918,D,14,#000000
107,e5efb94d-c95f-d8f5-8bd2-d92367b782be,1234.068456192017,-495.2851428031918,C,14,#000000
108,cc96d60d-eccf-590d-c50c-5538d7ccb935,1233.6749336814885,-515.2851428031918,B,14,#000000
109,ed958eed-911d-d00b-bf81-a1a111ab990b,1233.6749336814885,-535.2851428031918,A,14,#000000
110,16108d88-e6d9-2514-3a3a-e4a1088ca55c,1234.164933681488,-456.13514280319214,E,14,#000000
111,463d7483-6be7-15cc-7d6e-f0b3c7b50d99,71.54987621307373,-693.2851428031918,ZF,14,#000000
112,8ebeceae-fe3a-6d11-8774-95a87cd24393,70.67493368148826,-833.2851428031918,Y,14,#000000
113,45ae87e5-5235-2ebd-4375-efedbd36b52d,70.95050121307395,-713.2851428031918,ZE,14,#000000
114,de5f596b-2cd2-3af1-2c61-68b64420b8d1,71.33402420043967,-733.2851428031918,ZD,14,#000000
115,fd272a7d-687f-d773-3dc9-5e063b6d08b1,71.33402420043967,-753.2851428031918,ZC,14,#000000
116,ce2966a8-c7ab-2917-564d-4a40e0856238,71.06845619201658,-895.2851428031918,U,14,#000000
117,c0e56724-b46c-71b7-2db5-7bcbf8254fea,70.95050121307395,-773.2851428031918,ZB,14,#000000
118,5e4ae574-97cf-0b76-3666-096ed019e9e2,70.95050121307395,-793.2851428031918,ZA,14,#000000
119,0af7c1e3-3a12-8b19-f183-a684e4ee6663,70.28430868148826,-813.2851428031918,Z,14,#000000
120,7c673e3e-07dd-53b7-aeac-5bf56648f72d,70.67493368148826,-935.2851428031918,S,14,#000000
121,932f5655-a8bf-caf1-f93a-8e5d65ab0ab2,70.67493368148826,-853.2851428031918,X,14,#000000
122,cc9be767-4c63-c6f7-f931-fceea42b07a1,70.61385370254538,-873.2851428031918,W,14,#000000
123,8f2302ad-3e57-188a-eb3a-8466db91cb73,71.28430868148826,-915.2851428031918,T,14,#000000
124,19b2275a-1aad-78d5-0b50-e009b284eb21,71.06845619201658,-955.2851428031918,R,14,#000000
125,a4658372-4583-c4af-dd70-213200ed6377,71.44908119201682,-975.2851428031918,Q,14,#000000
126,5173a045-973a-24a1-7b72-909009835ccc,319.54987621307373,-692.2851428031918,ZF,14,#000000
127,8b860b85-7e14-2387-3147-b877d7a99a63,673.5498762130737,-694.2851428031918,ZF,14,#000000
128,77353e4d-b9ae-d816-8bbb-309856cac0a8,318.95050121307395,-712.2851428031918,ZE,14,#000000
129,f32685b0-53f8-1dd7-5f5e-519b4bd7b3e7,672.950501213074,-714.2851428031918,ZE,14,#000000
130,106c8ed4-e12c-6131-68e5-299d35c5143c,319.33402420043967,-732.2851428031918,ZD,14,#000000
131,459b0338-de07-c5f6-ba6b-9ab123873968,673.3340242004397,-734.2851428031918,ZD,14,#000000
132,a08cda6c-f8fc-ceaf-e7aa-0bef3dd882e8,319.33402420043967,-752.2851428031918,ZC,14,#000000
133,04b38e75-79a4-b71a-3336-173d8600205b,673.3340242004397,-754.2851428031918,ZC,14,#000000
134,09e43161-e96d-9e7d-55cf-d44eee39eb48,318.67493368148826,-934.2851428031918,S,14,#000000
135,6c8d1156-c030-d77f-cd6c-d570bf3156f3,672.6749336814883,-936.2851428031918,S,14,#000000
136,8ec38681-9644-d3bd-c842-92b76e6963ee,319.0584561920168,-954.2851428031918,R,14,#000000
137,ddedf97f-686d-0dcd-d706-ca11023868d2,673.0584561920168,-956.2851428031918,R,14,#000000
138,2d1fa5cb-b5f5-d536-8872-d39a11553ce5,318.95050121307395,-772.2851428031918,ZB,14,#000000
139,e1ac920d-1c28-61eb-609b-63701faf7dca,672.950501213074,-774.2851428031918,ZB,14,#000000
140,7514e54c-7a05-374a-f058-4702da699335,318.95050121307395,-792.2851428031918,ZA,14,#000000
141,8f987bd9-5551-03e3-ae10-c4cd0fea2e00,672.950501213074,-794.2851428031918,ZA,14,#000000
142,8e26b774-cdf6-29c2-5b62-0427a2473acc,318.27430868148804,-812.2851428031918,Z,14,#000000
143,1b6212d8-81ec-be13-7ab2-5d575a24aa7a,672.274308681488,-814.2851428031918,Z,14,#000000
144,3dcd3c83-2bab-609b-791d-e30c2e43afd2,318.67493368148826,-832.2851428031918,Y,14,#000000
145,423bfc67-63e0-adc6-57d5-3f4a0981bfdd,672.6749336814883,-834.2851428031918,Y,14,#000000
146,f8e69e0a-53f3-9d08-ee78-a3cace8106e7,318.67493368148826,-852.2851428031918,X,14,#000000
147,9b28ac63-b7bf-5008-a874-cedef31b61f2,672.6749336814883,-854.2851428031918,X,14,#000000
148,9633d7c6-1f6c-4f28-5516-b2e88346827e,319.0584561920168,-894.2851428031918,U,14,#000000
149,3494a53e-c751-2657-9a99-75ff83ae3953,673.0584561920168,-896.2851428031918,U,14,#000000
150,3b23b8a6-d6e9-16d5-6c79-b94a1c9303a5,318.6138537025454,-872.2851428031918,W,14,#000000
151,a9c8f9f3-f16a-6957-f284-64ef26ce1d43,672.6138537025454,-874.2851428031918,W,14,#000000
152,874e081d-b51b-7888-cf62-b033b864ddb8,319.27430868148804,-914.2851428031918,T,14,#000000
153,e23c1965-6252-8689-b7eb-77393198c4a8,673.274308681488,-916.2851428031918,T,14,#000000
154,95f72329-3cb8-b588-45ae-a6e85e8f634c,319.4490811920168,-974.2851428031918,Q,14,#000000
155,e27e32f7-b991-6632-c7a4-cde212140c5d,673.4490811920168,-976.2851428031918,Q,14,#000000
156,a0fbdf3e-997b-5842-ea2f-9aefccfd2e76,1023.5498762130736,-693.2851428031918,ZF,14,#000000
157,57e148e5-dbf3-2b88-4357-e604de7258b8,1022.6749336814884,-935.2851428031918,S,14,#000000
158,81465121-b32b-d751-b350-14d1c871f318,1022.950501213074,-713.2851428031918,ZE,14,#000000
159,aba1ce24-b8b8-a8ae-7f76-48d42799ee86,1023.3340242004396,-733.2851428031918,ZD,14,#000000
160,6d3f50c1-4e75-f11a-1517-26926b16d331,1023.068456192017,-895.2851428031918,U,14,#000000
161,8308630d-07eb-3e6d-b591-4a9fc6c25f8d,1023.3340242004396,-753.2851428031918,ZC,14,#000000
162,aa195760-d5a0-d573-8a48-8d12e8fce494,1022.950501213074,-773.2851428031918,ZB,14,#000000
163,a75b15f1-170a-b360-7649-001c73ac7d32,1022.950501213074,-793.2851428031918,ZA,14,#000000
164,bc21504f-7fed-2d6a-a0e5-82f73b60349b,1023.068456192017,-955.2851428031918,R,14,#000000
165,189eddf5-911b-56b7-1acf-f23846b26e96,1022.2843086814884,-813.2851428031918,Z,14,#000000
166,235baa33-3908-fef9-3f99-fd73e10bee11,1022.6749336814884,-833.2851428031918,Y,14,#000000
167,84db841c-fdaf-3333-ef56-7256393d5d5b,1022.6749336814884,-853.2851428031918,X,14,#000000
168,e2713b81-6c15-f6aa-edc4-dafb92f2aab7,1022.6138537025454,-873.2851428031918,W,14,#000000
169,0ce7c4bd-592c-ece7-abc1-48cade40d094,1023.2843086814884,-915.2851428031918,T,14,#000000
170,e52fa3ce-d316-9bed-10bc-67ec2381c931,1023.4490811920168,-975.2851428031918,Q,14,#000000
171,829b107a-996b-64d5-18fa-17a2d30dc240,1263.5498762130735,-691.2851428031918,ZF,14,#000000
172,a26e3ea6-cbe1-c09b-639c-665733c1d5ab,1262.950501213074,-711.2851428031918,ZE,14,#000000
173,74a6786b-bfda-5334-b9cb-90121bf385b7,1263.3340242004397,-731.2851428031918,ZD,14,#000000
174,dc705b97-b365-b787-4106-715c6b818d73,1262.6749336814885,-933.2851428031918,S,14,#000000
175,9584da58-9832-92e2-3ced-47dd67e323b0,1263.3340242004397,-751.2851428031918,ZC,14,#000000
176,3f981075-7a20-65ad-df08-b8dc3db571b1,1262.950501213074,-771.2851428031918,ZB,14,#000000
177,11900218-a504-504f-0e32-053ce650fcc9,1262.950501213074,-791.2851428031918,ZA,14,#000000
178,7e7b1781-b652-0323-a495-b7278afb317b,1263.2843086814885,-913.2851428031918,T,14,#000000
179,d06ecec9-ca74-865f-b46d-d3fa85078a37,1262.2843086814885,-811.2851428031918,Z,14,#000000
180,2106af16-fb85-e9b5-6251-8abf5a52e70b,1262.6749336814885,-831.2851428031918,Y,14,#000000
181,7213df5c-7ff0-02ca-1253-109dd80b634e,1262.6749336814885,-851.2851428031918,X,14,#000000
182,a81807bf-0cd6-bfbf-4736-8d5322adff05,1262.6138537025454,-871.2851428031918,W,14,#000000
183,5777f0a4-5912-aac0-bab1-eef3b3a7fbd0,1263.068456192017,-893.2851428031918,U,14,#000000
184,71bb976a-c85d-d935-e4ca-d34a90042446,1263.068456192017,-953.2851428031918,R,14,#000000
185,2f592ccf-dcbb-3234-a436-3cb3b5065d7e,1263.4490811920168,-973.2851428031918,Q,14,#000000
186,4e10fda0-5e5f-3a2f-9c69-f4fee22df93e,71.67493368148826,-1288.2851428031918,B,14,#000000
187,9c9369ca-81b3-f5fe-9775-d202727abf47,473.67493368148826,-1289.2851428031918,B,14,#000000
188,518213f8-521d-0df0-2c6f-4dc2f05e96c0,71.67493368148826,-1028.2851428031918,P,14,#000000
189,f5a37b98-e685-cfe4-72cf-7fcd87c0a784,473.67493368148826,-1029.2851428031918,P,14,#000000
190,01b2fbc3-1fbe-a03c-d647-44e8e36b7b8b,71.44908119201682,-1048.2851428031918,O,14,#000000
191,5bf91406-8b7a-8562-615b-507d957f09de,473.4490811920168,-1049.2851428031918,O,14,#000000
192,cfd8b4c1-eede-c377-14bc-c39315a551da,71.06845619201658,-1068.2851428031918,N,14,#000000
193,0317e861-89e3-7d40-43ef-ddbe7df61dde,473.0584561920168,-1069.2851428031918,N,14,#000000
194,90d3cbe3-5ab7-14a6-a770-8acb6996a429,70.83970619201682,-1088.2851428031918,M,14,#000000
195,58496d67-2801-71ad-7bff-9317c0a6c6af,472.8297061920166,-1089.2851428031918,M,14,#000000
196,65ac9bc9-1d21-a1c9-d328-80d9ac3a8908,70.90078569412253,-1108.2851428031918,L,14,#000000
197,77db2d8e-c9ce-7514-5e78-38b5c8dd9663,472.9007856941225,-1109.2851428031918,L,14,#000000
198,49d3ec16-a9b0-1208-16a3-82c030795033,71.67493368148826,-1128.2851428031918,K,14,#000000
199,8031f555-10b1-288c-4781-c29cbdf081c1,473.67493368148826,-1129.2851428031918,K,14,#000000
200,a564998e-408d-31ba-00b5-18ee4ea447a7,71.50305844306968,-1148.2851428031918,J,14,#000000
201,c1e4caf0-6d64-ff01-3dfe-cf99fd194f2d,473.5030584430697,-1149.2851428031918,J,14,#000000
202,6fb698b0-2074-f959-4297-b193b3015c20,71.06845619201658,-1168.2851428031918,H,14,#000000
203,6af96336-0317-aa26-a042-5a9711e33999,473.0584561920168,-1169.2851428031918,H,14,#000000
204,cde319b2-a871-7960-ff6e-14edc9a50861,71.44908119201682,-1188.2851428031918,G,14,#000000
205,4f5b1955-10b8-90a2-cdcc-97f1d47ffefc,473.4490811920168,-1189.2851428031918,G,14,#000000
206,c5e3753f-9e41-2a6d-01d3-e902cab76900,71.28430868148826,-1208.2851428031918,F,14,#000000
207,8cedbc57-ff57-ca51-c5da-2286aaa70f62,473.274308681488,-1209.2851428031918,F,14,#000000
208,7c6db5ec-82a2-e26c-455e-5bd24685d2c7,71.67493368148826,-1228.2851428031918,E,14,#000000
209,338090ea-1b22-07b0-575e-f418f5759ffc,473.67493368148826,-1229.2851428031918,E,14,#000000
210,7d7679c1-94c5-c624-7d84-ace644f295ed,71.06845619201658,-1248.2851428031918,D,14,#000000
211,504d4459-2b9c-d842-02a0-39dd67dea086,473.0584561920168,-1249.2851428031918,D,14,#000000
212,6fa247c1-d0d4-ffb1-7aa8-812340230586,71.06845619201658,-1268.2851428031918,C,14,#000000
213,349c39fe-45c0-7ade-f744-bd3f5fdd0685,473.0584561920168,-1269.2851428031918,C,14,#000000
214,b2d75f9d-81bb-5e8a-1da6-87419829b743,841.6749336814883,-1029.2851428031918,P,14,#000000
215,d7c3b8fa-ae9e-baf3-8d10-f97711c7ac8b,841.4490811920168,-1049.2851428031918,O,14,#000000
216,058eb615-8519-ca17-1dc8-2a67d25e7b16,841.0584561920168,-1249.2851428031918,D,14,#000000
217,0f59e999-4c06-a34f-4933-7f1c582386d5,841.0584561920168,-1069.2851428031918,N,14,#000000
218,4ad87c3c-20d1-db44-fa39-ddf11279e41d,841.6749336814883,-1289.2851428031918,B,14,#000000
219,c7194c6c-18fc-b7f8-12d7-eae721945582,840.8297061920166,-1089.2851428031918,M,14,#000000
220,181454d3-875b-e7df-1852-44c083cf2fa5,840.9007856941225,-1109.2851428031918,L,14,#000000
221,15fcfde1-b32d-7d99-2058-d0d4aea69b43,841.6749336814883,-1129.2851428031918,K,14,#000000
222,0e82f433-6083-b525-1678-ea2e71a2d62d,841.5030584430697,-1149.2851428031918,J,14,#000000
223,ecdff0ce-8474-30a4-874e-e03ee4254395,841.0584561920168,-1169.2851428031918,H,14,#000000
224,8a544ac8-3f81-2128-bd28-e9c3365e1a6f,841.4490811920168,-1189.2851428031918,G,14,#000000
225,cb6a2251-068c-b6bd-7e8b-d78a21fabe07,841.0584561920168,-1269.2851428031918,C,14,#000000
226,5c160690-23e9-af3b-4261-d12857c00787,841.274308681488,-1209.2851428031918,F,14,#000000
227,75a3c12d-1669-5d2f-cfa9-120b6d87b5e2,841.6749336814883,-1229.2851428031918,E,14,#000000
228,f4eeccc5-1cbe-2020-90db-118cf51b0020,1263.6749336814885,-1027.2851428031918,P,14,#000000
229,97f3b4d7-5c6a-108c-1ddb-2f02d462e48d,1263.4490811920168,-1047.2851428031918,O,14,#000000
230,76d84e82-c791-c5fc-ea53-b162ddacdc87,1263.068456192017,-1067.2851428031918,N,14,#000000
231,d73a8598-ee5b-9b45-4194-b56431f1858e,1263.068456192017,-1267.2851428031918,C,14,#000000
232,44da4b2a-c0a5-a003-eb53-b1faa9aa60a7,1262.8397061920168,-1087.2851428031918,M,14,#000000
233,a8a417c7-078b-0d49-f0ae-8199856a96cc,1263.6749336814885,-1227.2851428031918,E,14,#000000
234,0f446300-1fae-2f77-94e8-4d7aebe2748e,1262.9007856941223,-1107.2851428031918,L,14,#000000
235,6f0a8c7a-6f1d-4ba1-a21b-070eac9a4e84,1263.6749336814885,-1127.2851428031918,K,14,#000000
236,1b619c4d-b23a-2e51-91ba-8f985f361d1e,1263.5030584430697,-1147.2851428031918,J,14,#000000
237,2bb7e0d4-be99-8622-ce9b-689d844f7978,1263.068456192017,-1167.2851428031918,H,14,#000000
238,73fc2d18-984a-6153-c551-9319f45813da,1263.4490811920168,-1187.2851428031918,G,14,#000000
239,ab731027-30dd-3b41-9702-35e14e3de5fb,1263.2843086814885,-1207.2851428031918,F,14,#000000
240,f2cf174f-4480-44e6-292c-1fbfff9d511d,1263.068456192017,-1247.2851428031918,D,14,#000000
241,cf474716-60cd-d4bb-d542-5bbc9e3143bc,1263.6749336814885,-1287.2851428031918,B,14,#000000
242,aeb53e9d-04d2-9702-4d2c-26d3a4760b42,519.4490811920168,-402.2851428031918,G,14,#000000
243,29172e02-8e04-5711-9ab2-bed6b5c2ef45,519.4490811920168,-262.28514280319223,O,14,#000000
244,651a4194-25ed-7079-eac3-d39ffe049563,71.67493368148826,-1308.2851428031918,A,14,#000000
245,cc8ed942-f784-4dcc-955c-5740937c16a6,473.67493368148826,-1309.2851428031918,A,14,#000000
246,4b703d59-b9a7-bc74-d2c0-20135b0a600a,1263.6749336814885,-1307.2851428031918,A,14,#000000
247,aa913d5a-d894-099c-ce83-d52f6b1e79b7,841.6749336814883,-1309.2851428031918,A,14,#000000
248,ad25379a-026e-6b73-43c6-f1473eae4f40,109.77430868148804,-440.13514280319214,F,14,#000000
249,2b999178-764f-5ae3-ad05-19bcaf44f709,330.27430868148804,-439.2851428031918,F,14,#000000
250,62b72d38-320a-9bf6-f5b5-eeee768312b2,1234.774308681488,-437.13514280319214,F,14,#000000
251,7c442ead-68de-3651-7932-caf565d8eb99,318.72464920043967,-672.2851428031918,ZG,14,#000000
252,755f7149-095f-dce6-fafb-095953607200,319.33402420043967,-652.2851428031918,ZH,14,#000000
253,bcd95f72-bb80-8343-fa88-60e6c74738c3,317.7786266899111,-632.2851428031918,ZJ,14,#000000
254,65431952-6b7c-f909-cfa3-4cccd25fa82e,1022.7246492004396,-673.2851428031918,ZG,14,#000000
255,4c34603a-afdd-7af5-d945-9892793ed695,1023.3340242004396,-653.2851428031918,ZH,14,#000000
256,2f630c6a-80c8-bc76-d1ba-63eaa09a1ef6,1021.7886266899112,-633.2851428031918,ZJ,14,#000000
257,96eb92e9-c5c4-6a90-7ac6-4453fed8d4c0,654.4220903015139,-1395.2879833221432,STAGE,28,#000000
258,14c3efc2-8926-e04d-7b82-d6490638de3c,316.689138183594,-997.7937223052976,Wide Aisle,17,#000000
259,f0f68d22-b393-1c14-1527-b07c6243e889,1025.6791381835938,-999.7937223052976,Wide Aisle,17,#000000
